"id";"username";"password";"role";"team_id";"remember_token";"created_at";"updated_at"
"1";"penpos_1";"$2y$10$qtHT6h2jTXJe51JvWr0bwupO6bbUiPrupfH5xy5lH3rgJX.1Xlw8y";"penpos";null;null;"2022-06-12 16:18:18";"2022-06-13 03:10:42"
"2";"penpos_2";"$2y$10$2X9/fK79HI7VHNszsO24geoSfQc0UmeunsGMsjw7FRPmEzKSYfQF2";"penpos";null;null;"2022-06-12 16:18:18";"2022-06-12 16:18:18"
"3";"penpos_3";"$2y$10$2X9/fK79HI7VHNszsO24geoSfQc0UmeunsGMsjw7FRPmEzKSYfQF2";"penpos";null;null;"2022-06-12 16:18:18";"2022-06-12 16:18:18"
"4";"penpos_4";"$2y$10$2X9/fK79HI7VHNszsO24geoSfQc0UmeunsGMsjw7FRPmEzKSYfQF2";"penpos";null;null;"2022-06-12 16:18:18";"2022-06-12 16:18:18"
"5";"penpos_5";"$2y$10$2X9/fK79HI7VHNszsO24geoSfQc0UmeunsGMsjw7FRPmEzKSYfQF2";"penpos";null;null;"2022-06-12 16:18:18";"2022-06-12 16:18:18"
"6";"penpos_6";"$2y$10$2X9/fK79HI7VHNszsO24geoSfQc0UmeunsGMsjw7FRPmEzKSYfQF2";"penpos";null;null;"2022-06-12 16:18:18";"2022-06-12 16:18:18"
"7";"penpos_7";"$2y$10$2X9/fK79HI7VHNszsO24geoSfQc0UmeunsGMsjw7FRPmEzKSYfQF2";"penpos";null;null;"2022-06-12 16:18:18";"2022-06-12 16:18:18"
"8";"penpos_8";"$2y$10$2X9/fK79HI7VHNszsO24geoSfQc0UmeunsGMsjw7FRPmEzKSYfQF2";"penpos";null;null;"2022-06-12 16:18:18";"2022-06-12 16:18:18"
"9";"penpos_9";"$2y$10$2X9/fK79HI7VHNszsO24geoSfQc0UmeunsGMsjw7FRPmEzKSYfQF2";"penpos";null;null;"2022-06-12 16:18:18";"2022-06-12 16:18:18"
"10";"penpos_10";"$2y$10$2X9/fK79HI7VHNszsO24geoSfQc0UmeunsGMsjw7FRPmEzKSYfQF2";"penpos";null;null;"2022-06-12 16:18:18";"2022-06-12 16:18:18"
"11";"penpos_11";"$2y$10$2X9/fK79HI7VHNszsO24geoSfQc0UmeunsGMsjw7FRPmEzKSYfQF2";"penpos";null;null;"2022-06-12 16:18:18";"2022-06-12 16:18:18"
"12";"penpos_12";"$2y$10$2X9/fK79HI7VHNszsO24geoSfQc0UmeunsGMsjw7FRPmEzKSYfQF2";"penpos";null;null;"2022-06-12 16:18:18";"2022-06-12 16:18:18"
"13";"penpos_13";"$2y$10$2X9/fK79HI7VHNszsO24geoSfQc0UmeunsGMsjw7FRPmEzKSYfQF2";"penpos";null;null;"2022-06-12 16:18:18";"2022-06-12 16:18:18"
"14";"penpos_14";"$2y$10$2X9/fK79HI7VHNszsO24geoSfQc0UmeunsGMsjw7FRPmEzKSYfQF2";"penpos";null;null;"2022-06-12 16:18:18";"2022-06-12 16:18:18"
"15";"penpos_15";"$2y$10$2X9/fK79HI7VHNszsO24geoSfQc0UmeunsGMsjw7FRPmEzKSYfQF2";"penpos";null;null;"2022-06-12 16:18:18";"2022-06-12 16:18:18"
"16";"pemain_1";"$2y$10$2X9/fK79HI7VHNszsO24geoSfQc0UmeunsGMsjw7FRPmEzKSYfQF2";"peserta";"1";null;"2022-06-12 16:18:18";"2022-06-12 16:18:18"
"17";"pemain_2";"$2y$10$2X9/fK79HI7VHNszsO24geoSfQc0UmeunsGMsjw7FRPmEzKSYfQF2";"peserta";"1";null;"2022-06-12 16:18:18";"2022-06-12 16:18:18"
"18";"pemain_3";"$2y$10$2X9/fK79HI7VHNszsO24geoSfQc0UmeunsGMsjw7FRPmEzKSYfQF2";"peserta";"1";null;"2022-06-12 16:18:18";"2022-06-12 16:18:18"
"19";"pemain_4";"$2y$10$2X9/fK79HI7VHNszsO24geoSfQc0UmeunsGMsjw7FRPmEzKSYfQF2";"peserta";"2";null;"2022-06-12 16:18:18";"2022-06-12 16:18:18"
"20";"pemain_5";"$2y$10$2X9/fK79HI7VHNszsO24geoSfQc0UmeunsGMsjw7FRPmEzKSYfQF2";"peserta";"2";null;"2022-06-12 16:18:18";"2022-06-12 16:18:18"
"21";"pemain_6";"$2y$10$2X9/fK79HI7VHNszsO24geoSfQc0UmeunsGMsjw7FRPmEzKSYfQF2";"peserta";"2";null;"2022-06-12 16:18:18";"2022-06-12 16:18:18"
"22";"pemain_7";"$2y$10$2X9/fK79HI7VHNszsO24geoSfQc0UmeunsGMsjw7FRPmEzKSYfQF2";"peserta";"3";null;"2022-06-12 16:18:18";"2022-06-12 16:18:18"
"23";"pemain_8";"$2y$10$2X9/fK79HI7VHNszsO24geoSfQc0UmeunsGMsjw7FRPmEzKSYfQF2";"peserta";"3";null;"2022-06-12 16:18:18";"2022-06-12 16:18:18"
"24";"pemain_9";"$2y$10$2X9/fK79HI7VHNszsO24geoSfQc0UmeunsGMsjw7FRPmEzKSYfQF2";"peserta";"3";null;"2022-06-12 16:18:18";"2022-06-12 16:18:18"
"25";"pemain_10";"$2y$10$2X9/fK79HI7VHNszsO24geoSfQc0UmeunsGMsjw7FRPmEzKSYfQF2";"peserta";"4";null;"2022-06-12 16:18:18";"2022-06-12 16:18:18"
"26";"pemain_11";"$2y$10$2X9/fK79HI7VHNszsO24geoSfQc0UmeunsGMsjw7FRPmEzKSYfQF2";"peserta";"4";null;"2022-06-12 16:18:18";"2022-06-12 16:18:18"
"27";"pemain_12";"$2y$10$2X9/fK79HI7VHNszsO24geoSfQc0UmeunsGMsjw7FRPmEzKSYfQF2";"peserta";"4";null;"2022-06-12 16:18:18";"2022-06-12 16:18:18"
"28";"pemain_13";"$2y$10$2X9/fK79HI7VHNszsO24geoSfQc0UmeunsGMsjw7FRPmEzKSYfQF2";"peserta";"5";null;"2022-06-12 16:18:18";"2022-06-12 16:18:18"
"29";"pemain_14";"$2y$10$2X9/fK79HI7VHNszsO24geoSfQc0UmeunsGMsjw7FRPmEzKSYfQF2";"peserta";"5";null;"2022-06-12 16:18:18";"2022-06-12 16:18:18"
"30";"pemain_15";"$2y$10$2X9/fK79HI7VHNszsO24geoSfQc0UmeunsGMsjw7FRPmEzKSYfQF2";"peserta";"5";null;"2022-06-12 16:18:18";"2022-06-12 16:18:18"
"31";"pemain_16";"$2y$10$2X9/fK79HI7VHNszsO24geoSfQc0UmeunsGMsjw7FRPmEzKSYfQF2";"peserta";"6";null;"2022-06-12 16:18:18";"2022-06-12 16:18:18"
"32";"pemain_17";"$2y$10$2X9/fK79HI7VHNszsO24geoSfQc0UmeunsGMsjw7FRPmEzKSYfQF2";"peserta";"6";null;"2022-06-12 16:18:18";"2022-06-12 16:18:18"
"33";"pemain_18";"$2y$10$2X9/fK79HI7VHNszsO24geoSfQc0UmeunsGMsjw7FRPmEzKSYfQF2";"peserta";"6";null;"2022-06-12 16:18:18";"2022-06-12 16:18:18"
"34";"pemain_19";"$2y$10$2X9/fK79HI7VHNszsO24geoSfQc0UmeunsGMsjw7FRPmEzKSYfQF2";"peserta";"7";null;"2022-06-12 16:18:18";"2022-06-12 16:18:18"
"35";"pemain_20";"$2y$10$2X9/fK79HI7VHNszsO24geoSfQc0UmeunsGMsjw7FRPmEzKSYfQF2";"peserta";"7";null;"2022-06-12 16:18:18";"2022-06-12 16:18:18"
"36";"pemain_21";"$2y$10$2X9/fK79HI7VHNszsO24geoSfQc0UmeunsGMsjw7FRPmEzKSYfQF2";"peserta";"7";null;"2022-06-12 16:18:18";"2022-06-12 16:18:18"
"37";"pemain_22";"$2y$10$2X9/fK79HI7VHNszsO24geoSfQc0UmeunsGMsjw7FRPmEzKSYfQF2";"peserta";"8";null;"2022-06-12 16:18:18";"2022-06-12 16:18:18"
"38";"pemain_23";"$2y$10$2X9/fK79HI7VHNszsO24geoSfQc0UmeunsGMsjw7FRPmEzKSYfQF2";"peserta";"8";null;"2022-06-12 16:18:18";"2022-06-12 16:18:18"
"39";"pemain_24";"$2y$10$2X9/fK79HI7VHNszsO24geoSfQc0UmeunsGMsjw7FRPmEzKSYfQF2";"peserta";"8";null;"2022-06-12 16:18:18";"2022-06-12 16:18:18"
"40";"pemain_25";"$2y$10$2X9/fK79HI7VHNszsO24geoSfQc0UmeunsGMsjw7FRPmEzKSYfQF2";"peserta";"9";null;"2022-06-12 16:18:18";"2022-06-12 16:18:18"
"41";"pemain_26";"$2y$10$2X9/fK79HI7VHNszsO24geoSfQc0UmeunsGMsjw7FRPmEzKSYfQF2";"peserta";"9";null;"2022-06-12 16:18:18";"2022-06-12 16:18:18"
"42";"pemain_27";"$2y$10$2X9/fK79HI7VHNszsO24geoSfQc0UmeunsGMsjw7FRPmEzKSYfQF2";"peserta";"9";null;"2022-06-12 16:18:18";"2022-06-12 16:18:18"
"43";"pemain_28";"$2y$10$2X9/fK79HI7VHNszsO24geoSfQc0UmeunsGMsjw7FRPmEzKSYfQF2";"peserta";"10";null;"2022-06-12 16:18:18";"2022-06-12 16:18:18"
"44";"pemain_29";"$2y$10$2X9/fK79HI7VHNszsO24geoSfQc0UmeunsGMsjw7FRPmEzKSYfQF2";"peserta";"10";null;"2022-06-12 16:18:18";"2022-06-12 16:18:18"
"45";"pemain_30";"$2y$10$2X9/fK79HI7VHNszsO24geoSfQc0UmeunsGMsjw7FRPmEzKSYfQF2";"peserta";"10";null;"2022-06-12 16:18:18";"2022-06-12 16:18:18"
"46";"pemain_31";"$2y$10$2X9/fK79HI7VHNszsO24geoSfQc0UmeunsGMsjw7FRPmEzKSYfQF2";"peserta";"11";null;"2022-06-12 16:18:18";"2022-06-12 16:18:18"
"47";"pemain_32";"$2y$10$2X9/fK79HI7VHNszsO24geoSfQc0UmeunsGMsjw7FRPmEzKSYfQF2";"peserta";"11";null;"2022-06-12 16:18:18";"2022-06-12 16:18:18"
"48";"pemain_33";"$2y$10$2X9/fK79HI7VHNszsO24geoSfQc0UmeunsGMsjw7FRPmEzKSYfQF2";"peserta";"11";null;"2022-06-12 16:18:18";"2022-06-12 16:18:18"
"49";"pemain_34";"$2y$10$2X9/fK79HI7VHNszsO24geoSfQc0UmeunsGMsjw7FRPmEzKSYfQF2";"peserta";"12";null;"2022-06-12 16:18:18";"2022-06-12 16:18:18"
"50";"pemain_35";"$2y$10$2X9/fK79HI7VHNszsO24geoSfQc0UmeunsGMsjw7FRPmEzKSYfQF2";"peserta";"12";null;"2022-06-12 16:18:18";"2022-06-12 16:18:18"
"51";"pemain_36";"$2y$10$2X9/fK79HI7VHNszsO24geoSfQc0UmeunsGMsjw7FRPmEzKSYfQF2";"peserta";"12";null;"2022-06-12 16:18:18";"2022-06-12 16:18:18"
"52";"pemain_37";"$2y$10$2X9/fK79HI7VHNszsO24geoSfQc0UmeunsGMsjw7FRPmEzKSYfQF2";"peserta";"13";null;"2022-06-12 16:18:18";"2022-06-12 16:18:18"
"53";"pemain_38";"$2y$10$2X9/fK79HI7VHNszsO24geoSfQc0UmeunsGMsjw7FRPmEzKSYfQF2";"peserta";"13";null;"2022-06-12 16:18:18";"2022-06-12 16:18:18"
"54";"pemain_39";"$2y$10$2X9/fK79HI7VHNszsO24geoSfQc0UmeunsGMsjw7FRPmEzKSYfQF2";"peserta";"13";null;"2022-06-12 16:18:18";"2022-06-12 16:18:18"
"55";"pemain_40";"$2y$10$2X9/fK79HI7VHNszsO24geoSfQc0UmeunsGMsjw7FRPmEzKSYfQF2";"peserta";"14";null;"2022-06-12 16:18:18";"2022-06-12 16:18:18"
"56";"pemain_41";"$2y$10$2X9/fK79HI7VHNszsO24geoSfQc0UmeunsGMsjw7FRPmEzKSYfQF2";"peserta";"14";null;"2022-06-12 16:18:18";"2022-06-12 16:18:18"
"57";"pemain_42";"$2y$10$2X9/fK79HI7VHNszsO24geoSfQc0UmeunsGMsjw7FRPmEzKSYfQF2";"peserta";"14";null;"2022-06-12 16:18:18";"2022-06-12 16:18:18"
"58";"pemain_43";"$2y$10$2X9/fK79HI7VHNszsO24geoSfQc0UmeunsGMsjw7FRPmEzKSYfQF2";"peserta";"15";null;"2022-06-12 16:18:18";"2022-06-12 16:18:18"
"59";"pemain_44";"$2y$10$2X9/fK79HI7VHNszsO24geoSfQc0UmeunsGMsjw7FRPmEzKSYfQF2";"peserta";"15";null;"2022-06-12 16:18:18";"2022-06-12 16:18:18"
"60";"pemain_45";"$2y$10$2X9/fK79HI7VHNszsO24geoSfQc0UmeunsGMsjw7FRPmEzKSYfQF2";"peserta";"15";null;"2022-06-12 16:18:18";"2022-06-12 16:18:18"
"61";"pemain_46";"$2y$10$2X9/fK79HI7VHNszsO24geoSfQc0UmeunsGMsjw7FRPmEzKSYfQF2";"peserta";"16";null;"2022-06-12 16:18:18";"2022-06-12 16:18:18"
"62";"pemain_47";"$2y$10$2X9/fK79HI7VHNszsO24geoSfQc0UmeunsGMsjw7FRPmEzKSYfQF2";"peserta";"16";null;"2022-06-12 16:18:18";"2022-06-12 16:18:18"
"63";"pemain_48";"$2y$10$2X9/fK79HI7VHNszsO24geoSfQc0UmeunsGMsjw7FRPmEzKSYfQF2";"peserta";"16";null;"2022-06-12 16:18:18";"2022-06-12 16:18:18"
"64";"pemain_49";"$2y$10$2X9/fK79HI7VHNszsO24geoSfQc0UmeunsGMsjw7FRPmEzKSYfQF2";"peserta";"17";null;"2022-06-12 16:18:18";"2022-06-12 16:18:18"
"65";"pemain_50";"$2y$10$2X9/fK79HI7VHNszsO24geoSfQc0UmeunsGMsjw7FRPmEzKSYfQF2";"peserta";"17";null;"2022-06-12 16:18:18";"2022-06-12 16:18:18"
"66";"pemain_51";"$2y$10$2X9/fK79HI7VHNszsO24geoSfQc0UmeunsGMsjw7FRPmEzKSYfQF2";"peserta";"17";null;"2022-06-12 16:18:18";"2022-06-12 16:18:18"
"67";"pemain_52";"$2y$10$2X9/fK79HI7VHNszsO24geoSfQc0UmeunsGMsjw7FRPmEzKSYfQF2";"peserta";"18";null;"2022-06-12 16:18:18";"2022-06-12 16:18:18"
"68";"pemain_53";"$2y$10$2X9/fK79HI7VHNszsO24geoSfQc0UmeunsGMsjw7FRPmEzKSYfQF2";"peserta";"18";null;"2022-06-12 16:18:18";"2022-06-12 16:18:18"
"69";"pemain_54";"$2y$10$2X9/fK79HI7VHNszsO24geoSfQc0UmeunsGMsjw7FRPmEzKSYfQF2";"peserta";"18";null;"2022-06-12 16:18:18";"2022-06-12 16:18:18"
"70";"pemain_55";"$2y$10$2X9/fK79HI7VHNszsO24geoSfQc0UmeunsGMsjw7FRPmEzKSYfQF2";"peserta";"19";null;"2022-06-12 16:18:18";"2022-06-12 16:18:18"
"71";"pemain_56";"$2y$10$2X9/fK79HI7VHNszsO24geoSfQc0UmeunsGMsjw7FRPmEzKSYfQF2";"peserta";"19";null;"2022-06-12 16:18:18";"2022-06-12 16:18:18"
"72";"pemain_57";"$2y$10$2X9/fK79HI7VHNszsO24geoSfQc0UmeunsGMsjw7FRPmEzKSYfQF2";"peserta";"19";null;"2022-06-12 16:18:18";"2022-06-12 16:18:18"
"73";"pemain_58";"$2y$10$2X9/fK79HI7VHNszsO24geoSfQc0UmeunsGMsjw7FRPmEzKSYfQF2";"peserta";"20";null;"2022-06-12 16:18:18";"2022-06-12 16:18:18"
"74";"pemain_59";"$2y$10$2X9/fK79HI7VHNszsO24geoSfQc0UmeunsGMsjw7FRPmEzKSYfQF2";"peserta";"20";null;"2022-06-12 16:18:18";"2022-06-12 16:18:18"
"75";"pemain_60";"$2y$10$2X9/fK79HI7VHNszsO24geoSfQc0UmeunsGMsjw7FRPmEzKSYfQF2";"peserta";"20";null;"2022-06-12 16:18:18";"2022-06-12 16:18:18"